ArticleID,Title,PublishedDate,Source,URL,Summary,IngestedAt
38237,A Moonlit Earth as Seen From Artemis II,2026-06-04T04:01:00Z,NASA,https://science.nasa.gov/earth/earth-observatory/a-moonlit-earth-as-seen-from-artemis-ii/,"An astronaut’s photo, taken en route to the Moon, reveals our planet and its place in space in a novel way.",2026-06-04T11:58:28.974430
38236,SpaceX to raise at least $75 billion in IPO,2026-06-04T02:54:32Z,SpaceNews,https://spacenews.com/spacex-to-raise-at-least-75-billion-in-ipo/,"SpaceX plans to raise at least $75 billion in its initial public offering, valuing the company at more than $1.75 trillion. The post SpaceX to raise at least $75 billion in IPO appeared first on SpaceNews.",2026-06-04T11:58:28.990687
38235,"Curiosity Blog, Sols 4908-4912: Goodbye Campo Marte, It’s Been Fun!",2026-06-04T01:28:11Z,NASA,https://science.nasa.gov/blog/curiosity-blog-sols-4908-4912-goodbye-campo-marte-its-been-fun/,"By Susanne P. Schwenzer, Professor of Planetary Mineralogy at The Open University, UK Earth planning date: Friday, May 29, 2026 Drilling always keeps the rover in place for a little while, and our 47th successful drill, “Campo Marte,” was no exception. The team used the time wisely and on top of the drilling, we also […]",2026-06-04T11:58:28.990687
38234,NASA declares end to MAVEN Mars mission,2026-06-04T00:20:49Z,SpaceNews,https://spacenews.com/nasa-declares-end-to-maven-mars-mission/,"NASA has formally ended a Mars mission that has been out of contact for six months while the investigation into the spacecraft’s demise continues. The post NASA declares end to MAVEN Mars mission appeared first on SpaceNews.",2026-06-04T11:58:29.009467
38233,"Space Force evaluating anomaly-related damage, future danger areas",2026-06-03T23:04:56Z,NASASpaceflight,https://www.nasaspaceflight.com/2026/06/eastern-range-blast-danger-areas/,"Space Launch Delta 45 (SLD 45), which operates the Eastern Range, have cleared a major… The post Space Force evaluating anomaly-related damage, future danger areas appeared first on NASASpaceFlight.com.",2026-06-04T11:58:29.016166
38232,AST SpaceMobile sees New Glenn setback delaying initial commercial service into 2027,2026-06-03T21:12:58Z,SpaceNews,https://spacenews.com/ast-spacemobile-sees-new-glenn-setback-delaying-initial-commercial-service-into-2027/,"AST SpaceMobile expects Blue Origin’s recent launchpad explosion will delay its direct-to-smartphone constellation by three to six months, investment bank William Blair said in an equity research note, pushing initial commercial services into the first half of 2027. The post AST SpaceMobile sees New Glenn setback delaying initial commercial service into 2027 appeared first on SpaceNews.",2026-06-04T11:58:29.024335
38231,Artemis III’s remaining solid rocket booster segments shipped from Utah to Florida,2026-06-03T20:37:08Z,NASASpaceflight,https://www.nasaspaceflight.com/2026/06/artemis-iii-srb-shipment/,"While there is some uncertainty regarding timelines and landers, the Artemis III mission — currently… The post Artemis III’s remaining solid rocket booster segments shipped from Utah to Florida appeared first on NASASpaceFlight.com.",2026-06-04T11:58:29.033334
38230,NASA Finds New Way Earth May Have Received Elements Needed for Life,2026-06-03T18:01:00Z,NASA,https://science.nasa.gov/science-research/planetary-science/astrobiology/nasa-finds-new-way-earth-may-have-received-elements-needed-for-life/,"NASA-supported scientists have provided new information about how the early Earth may have acquired some elements necessary for the planet to become habitable. They also suggest a new role for Jupiter in the distribution of these elements throughout the young solar system. The study, published today in Science Advances, examines this history by looking at […]",2026-06-04T11:58:29.054912
38229,"After cooperation on SMILE mission, ESA and China chart parallel but separate paths",2026-06-03T18:20:34Z,SpaceNews,https://spacenews.com/after-cooperation-on-smile-mission-esa-and-china-chart-parallel-but-separate-paths/,"ESA and China recently launched the joint SMILE magnetosphere mission after a decade of cooperation, but despite similar goals, another collaboration appears distant. The post After cooperation on SMILE mission, ESA and China chart parallel but separate paths appeared first on SpaceNews.",2026-06-04T11:58:29.049238
38228,International Sea Level Satellite Observes El Niño Precursor,2026-06-03T17:27:22Z,NASA,https://science.nasa.gov/photojournal/international-sea-level-satellite-observes-el-nino-precursor/,"Description Sea level height data from the international Sentinel-6 Michael Freilich satellite collected from March to May 2026 show higher, warmer water moving from the western Pacific Ocean to just off the coast of Colombia, Ecuador, and Peru. This phenomenon is known as a warm Kelvin wave, signified in this animation of the data by […]",2026-06-04T11:58:29.065816
38227,Journey to the Center of the Virgo Cluster,2026-06-03T15:48:44Z,NASA,https://www.nasa.gov/image-article/journey-to-the-center-of-the-virgo-cluster/,"The focus of this NASA/ESA Hubble Space Telescope image released on May 29, 2026, is an active spiral galaxy on a journey lasting hundreds of millions of years. The galaxy Messier 88 (M88), also known as NGC 4501, is located about 63 million light-years away in the constellation Coma Berenices (Berenice’s Hair). M88 is an active galaxy, which means that its center harbors […]",2026-06-04T11:58:30.915820
38226,"Electronics manufacturer Murata to explore Xona satellite timing service for telecom, data centers",2026-06-03T15:19:56Z,SpaceNews,https://spacenews.com/electronics-manufacturer-murata-to-explore-xona-satellite-timing-service-for-telecom-data-centers/,"Xona is developing a low Earth orbit network to provide backup to GPS-dependent systems The post Electronics manufacturer Murata to explore Xona satellite timing service for telecom, data centers appeared first on SpaceNews.",2026-06-04T11:58:30.932240
38225,Venturi Space to Build €250M Lunar and Martian Rover Factory in Toulouse,2026-06-03T14:12:47Z,European Spaceflight,https://europeanspaceflight.com/venturi-space-to-build-e250m-lunar-and-martian-rover-factory-in-toulouse/,"Monaco-based space technology company Venturi Space has announced plans to increase its investment in the construction of its new Toulouse facility by €150 million. Founded by billionaire Gildo Pastor in 2020, Venturi Space manufactures technology for lunar and Martian mobility solutions. In January 2026, during a meeting organised by the Association of Professional Aeronautics and […] The post Venturi Space to Build €250M Lunar and Martian Rover Factory in Toulouse appeared first on European Spaceflight.",2026-06-04T11:58:30.941488
38224,NASA Drains 66-Million-Gallon Reservoir to Upgrade Critical Water System,2026-06-03T13:50:10Z,NASA,https://www.nasa.gov/centers-and-facilities/stennis/reservoir-drained-to-upgrade-water-system/,"A powerful but mostly unseen water system at work during rocket engine tests at NASA’s Stennis Space Center near Bay St. Louis, Mississippi, underwent an upgrade in May. Crews brought the High Pressure Industrial Water Facility’s 66-million-gallon reservoir to its lowest level since construction in the 1960s by pumping out about 40 million gallons of […]",2026-06-04T11:58:30.949899
38223,"NASA Says Farewell to MAVEN Mars Mission, Hosts Media Call Today",2026-06-03T13:12:05Z,NASA,https://www.nasa.gov/news-release/nasa-says-farewell-to-maven-mars-mission-hosts-media-call-today/,"The first mission devoted to observing the Martian atmosphere and its evolution, NASA’s MAVEN (Mars Atmosphere and Volatile Evolution), has ended after more than 11 years in orbit at Mars and a decade beyond its primary, one-year mission. The spacecraft was heard last on Dec. 6, when it experienced an unexpected loss of signal after […]",2026-06-04T11:58:30.957901
38222,Europe is rearming together — except in space,2026-06-03T13:00:00Z,SpaceNews,https://spacenews.com/europe-is-rearming-together-except-in-space/,"Europe is rapidly rewriting its security architecture. Faced with Russian aggression, mounting doubts about long-term American commitment and growing pressure to shoulder more of its own defense burden, European states […] The post Europe is rearming together — except in space appeared first on SpaceNews.",2026-06-04T11:58:30.968202
38221,Muon Space unveils Starship-class satellite platform for orbital data centers,2026-06-03T11:39:41Z,SpaceNews,https://spacenews.com/muon-space-unveils-starship-class-satellite-platform-for-orbital-data-centers/,"Muon Space announced a Starship-class satellite platform June 3 designed from the ground up to meet the demands of the emerging orbital data center market, with an initial launch slated for 2028 after securing customers. The post Muon Space unveils Starship-class satellite platform for orbital data centers appeared first on SpaceNews.",2026-06-04T11:58:30.977234
38220,Blue Origin seeks to resume New Glenn launches by year’s end,2026-06-03T10:39:28Z,SpaceNews,https://spacenews.com/blue-origin-seeks-to-resume-new-glenn-launches-by-years-end/,"Blue Origin’s CEO says damage to its New Glenn launch pad is not as bad as feared and the rocket could return to flight by the end of the year. The post Blue Origin seeks to resume New Glenn launches by year’s end appeared first on SpaceNews.",2026-06-04T11:58:30.977234
38219,How long will it take to rebuild Blue Origin's launch pad? We asked some SpaceX vets.,2026-06-03T10:00:07Z,Arstechnica,https://arstechnica.com/space/2026/06/how-long-will-it-take-to-rebuild-blue-origins-launch-pad-we-asked-some-spacex-vets/,"""Everyone is in a place where it’s no fun to be there.""",2026-06-04T11:58:30.985234
38218,SSC Space Launches Red Kite-Powered Sounding Rocket Carrying 12 Experiments,2026-06-03T07:21:52Z,European Spaceflight,https://europeanspaceflight.com/ssc-space-launches-red-kite-powered-sounding-rocket-carrying-12-experiments/,"SSC Space launched its SubOrbital Express-5 mission on 31 May from the Esrange Space Centre in northern Sweden. The rocket carried 12 individual experiments, one of which examined the effects of microgravity on red hair samples from a Swedish influencer. The 13-metre-tall sounding rocket used for the mission was powered by Red Kite rocket motors […] The post SSC Space Launches Red Kite-Powered Sounding Rocket Carrying 12 Experiments appeared first on European Spaceflight.",2026-06-04T11:58:31.001236
38217,Typhoon Jangmi,2026-06-03T04:00:00Z,NASA,https://science.nasa.gov/earth/earth-observatory/typhoon-jangmi/,The sprawling storm promised to deliver torrential rain across a wide swath of southern Japan.,2026-06-04T11:58:32.849708
38216,Live coverage: SpaceX to launch 24 Starlink satellites on Falcon 9 rocket from Vandenberg,2026-06-03T01:39:54Z,Spaceflight Now,https://spaceflightnow.com/2026/06/03/live-coverage-spacex-to-launch-24-starlink-satellites-on-falcon-9-rocket-from-vandenberg-3/,The Starlink 17-47 mission will see SpaceX attempt its 200th landing on the drone ship called ‘Of Course I Still Love You.’ Liftoff from pad 4E at Vandenberg Space Force Base is scheduled for 7:36 a.m. PDT (10:36 a.m. EDT / 1436 UTC).,2026-06-04T11:58:32.865089
38215,Blue Origin vows to resume New Glenn flights by year’s end,2026-06-03T01:23:32Z,Spaceflight Now,https://spaceflightnow.com/2026/06/03/blue-origin-vows-to-resume-new-glenn-flights-by-years-end/,"Blue Origin CEO Dave Limp, in an overnight post on the social media platform X, said propellant tanks  at launch pad 36 at the Cape Canaveral Space Force Station made it through the blast in good shape, as did a nearby processing hangar. The main support gantry, while damaged, can be repaired in place.",2026-06-04T11:58:32.880713
38214,"Blue Origin initiates LC-36 recovery, targets RTF by end of 2026",2026-06-03T01:16:06Z,NASASpaceflight,https://www.nasaspaceflight.com/2026/06/blue-lc-36-recovery-rtf-end-2026/,"Blue Origin has wasted no time launching inspection, repair, and reconstruction activities at Launch Complex-36… The post Blue Origin initiates LC-36 recovery, targets RTF by end of 2026 appeared first on NASASpaceFlight.com.",2026-06-04T11:58:32.896336
38213,Live coverage: SpaceX to launch 29 Starlink satellites on Falcon 9 rocket from Cape Canaveral,2026-06-03T01:09:18Z,Spaceflight Now,https://spaceflightnow.com/2026/06/03/live-coverage-spacex-to-launch-29-starlink-satellites-on-falcon-9-rocket-from-cape-canaveral-15/,The Starlink 10-43 mission will fly on a Falcon 9 rocket heading on a north-easterly trajectory. Liftoff from pad 40 at Cape Canaveral Space Force Station is scheduled for 6:11 a.m. EDT (1011 UTC).,2026-06-04T11:58:32.904314
38212,NASA Sets Launch Date for Roman Space Telescope,2026-06-03T00:47:59Z,SpacePolicyOnline.com,https://spacepolicyonline.com/news/nasa-sets-launch-date-for-roman-space-telescope/,"NASA is moving up the launch date for the Nancy Grace Roman Space Telescope.  In April, the agency said it would lift off in early September, but NASA Administrator Jared […]",2026-06-04T11:58:32.915257
38211,"NRO nominee says commercial space, AI are reshaping spy satellite agency",2026-06-02T22:22:44Z,SpaceNews,https://spacenews.com/nro-nominee-says-commercial-space-ai-are-reshaping-spy-satellite-agency/,"In a confirmation hearing, Roger Mason said clear government demand signals are needed as private investment transforms the space intelligence market The post NRO nominee says commercial space, AI are reshaping spy satellite agency appeared first on SpaceNews.",2026-06-04T11:58:32.923257
38210,NASA Space Roboticist Challenge,2026-06-02T20:56:53Z,NASA,https://www.nasa.gov/directorates/stmd/prizes-challenges-crowdsourcing-program/center-of-excellence-for-collaborative-innovation-coeci/nasa-space-roboticist-challenge/,"The Fly Foundational Robots (FFR) mission will launch a robotic arm, with seven degrees of freedom, to low Earth orbit. NASA is opening access to the robotic arm to a select group of U.S. researchers — principal investigators, post-doctoral researchers, professors, and highly qualified graduate students — who have a compelling experiment and the capability […]",2026-06-04T11:58:32.935421
38209,Look Up!,2026-06-02T16:06:20Z,NASA,https://www.nasa.gov/image-article/look-up/,"Astronauts Sophie Adenot of ESA (European Space Agency) and Jack Hathaway of NASA, both Expedition 74 flight engineers, look out a window in the cupola, monitoring the automated approach and docking of the SpaceX Dragon cargo spacecraft to the International Space Station on May 17, 2026. The orbital outpost was soaring 259 miles above the […]",2026-06-04T11:58:32.948666
38208,"Global SSA Market to Reach $61B as Governments Prioritize Space Security, Resilience, and Orbital Safety",2026-06-02T15:11:48Z,SpaceNews,https://spacenews.com/global-ssa-market-to-reach-61b-as-governments-prioritize-space-security-resilience-and-orbital-safety/,"Paris, France – May 2026 – The 2nd edition of Novaspace’s Space Situational Awareness (SSA) report points to a pivotal decade ahead, with cumulative global spending projected to reach $61 […] The post Global SSA Market to Reach $61B as Governments Prioritize Space Security, Resilience, and Orbital Safety appeared first on SpaceNews.",2026-06-04T11:58:35.319367
38207,"Blue Origin vows to fly its New Glenn rocket ""before the end of this year""",2026-06-02T15:16:13Z,Arstechnica,https://arstechnica.com/space/2026/06/blue-origin-vows-to-fly-its-new-glenn-rocket-before-the-end-of-this-year/,"""The propellant farm, oxygen, liquid hydrogen, and LNG tanks are all in good shape.""",2026-06-04T11:58:32.956665
38206,NASA Testing Wastewater Treatment Facility for Future Moon Base,2026-06-02T14:31:18Z,NASA,https://www.nasa.gov/centers-and-facilities/kennedy/nasa-testing-wastewater-treatment-facility-for-future-moon-base/,A mobile wastewater treatment system built at NASA’s Kennedy Space Center in Florida that can help prepare for long-duration missions on the Moon and Mars departed the spaceport and arrived at the University of North Dakota in Grand Forks. Graduate students at the university will test the technology under conditions designed to closely mimic the […],2026-06-04T11:58:35.335209
38205,Be a Clump Scout and Help Reveal Secrets of Stellar Nurseries,2026-06-02T13:19:54Z,NASA,https://science.nasa.gov/get-involved/citizen-science/help-galaxy-zoo-clump-scout-ii-project/,"Help identify star-forming clumps in galaxy images, and help train machines to do the same.",2026-06-04T11:58:35.339099
38204,The importance of determining an equilibrium state for space traffic management,2026-06-02T13:00:00Z,SpaceNews,https://spacenews.com/the-importance-of-determining-an-equilibrium-state-for-space-traffic-management/,The rapid expansion of human and robotic activity in low Earth orbit makes critically important the need to implement effective space traffic management (STM). This will be one of the […] The post The importance of determining an equilibrium state for space traffic management appeared first on SpaceNews.,2026-06-04T11:58:35.356858
38203,UK explores Vast space station mission for astronaut with physical disability,2026-06-02T12:25:40Z,SpaceNews,https://spacenews.com/uk-explores-vast-space-station-mission-for-astronaut-with-physical-disability/,The U.K. government is exploring sending British astronaut John McFall to Vast’s planned Haven-1 space station in a mission it says could make him the first person with a physical disability to live in orbit. The post UK explores Vast space station mission for astronaut with physical disability appeared first on SpaceNews.,2026-06-04T11:58:35.364859
38202,Impulse Space raises $500 million,2026-06-02T12:11:05Z,SpaceNews,https://spacenews.com/impulse-space-raises-500-million/,Impulse Space has raised $500 million to expand production of orbital transfer vehicles and other spacecraft to support growing commercial and government demand. The post Impulse Space raises $500 million appeared first on SpaceNews.,2026-06-04T11:58:35.383052
38201,Impulse Space raises $500 million as orbital maneuvering race heats up,2026-06-02T12:00:54Z,Arstechnica,https://arstechnica.com/space/2026/06/impulse-space-raises-500-million-as-orbital-maneuvering-race-heats-up/,"""The market's going to continue to find exciting new things.""",2026-06-04T11:58:35.383052
38200,Voyager to acquire lunar lander developer Astrobotic,2026-06-02T11:54:21Z,SpaceNews,https://spacenews.com/voyager-to-acquire-lunar-lander-developer-astrobotic/,"Voyager Technologies will acquire Astrobotic, a company developing lunar landers and reusable suborbital vehicles, in a deal worth up to $300 million. The post Voyager to acquire lunar lander developer Astrobotic appeared first on SpaceNews.",2026-06-04T11:58:35.398491
38199,Researchers call for regulations to protect low Earth orbit environment,2026-06-02T11:00:00Z,SpaceNews,https://spacenews.com/researchers-call-for-regulations-to-protect-low-earth-orbit-environment/,"BOULDER, Colorado — Researchers are calling for increased attention and better protection against the rising introduction of exotic materials into Earth’s atmosphere from satellite and space hardware re-entry, especially in […] The post Researchers call for regulations to protect low Earth orbit environment appeared first on SpaceNews.",2026-06-04T11:58:35.406490
38198,"Spacewalking With Scott Wray, Artemis EVA Training Lead",2026-06-02T09:00:00Z,NASA,https://www.nasa.gov/centers-and-facilities/johnson/spacewalking-with-scott-wray-artemis-eva-training-lead/,"Scott Wray’s experience with spacewalks started when he was about 6 years old. A tent resembling a lunar lander provided the perfect imaginary spacecraft. “I would lie on my back with my feet propped up on a pillow as I imagined going through a launch countdown sequence,” he said. “Then I would exit the tent […]",2026-06-04T11:58:35.422987
38197,ESA joins agreement to strengthen global geodesy supply chain,2026-06-02T08:00:00Z,ESA,https://www.esa.int/Applications/Satellite_navigation/ESA_joins_agreement_to_strengthen_global_geodesy_supply_chain,"In May, the European Space Agency (ESA) joined the Multilateral Memorandum of Understanding of the United Nations Global Geodetic Centre of Excellence (UN-GGCE). This initiative aims to strengthen the global geodesy supply chain and promote international cooperation to produce reliable geodetic products, which are essential for many satellite applications, including positioning, navigation, and timing (PNT) services.",2026-06-04T11:58:37.281035
38196,NASA abandons ‘core module’ concept for commercial space station development,2026-06-02T07:51:59Z,SpaceNews,https://spacenews.com/nasa-abandons-core-module-concept-for-commercial-space-station-development/,"NASA is withdrawing a proposal to revamp its strategy for transitioning from the International Space Station to commercial stations, one that had been criticized by the companies developing such stations. The post NASA abandons ‘core module’ concept for commercial space station development appeared first on SpaceNews.",2026-06-04T11:58:37.289262
38195,Fire’s Footprint on Santa Rosa Island,2026-06-02T04:01:00Z,NASA,https://science.nasa.gov/earth/earth-observatory/fires-footprint-on-santa-rosa-island/,"A wildland fire charred grassland, coastal sage scrub, and chaparral across one-third of the island, the second largest of the Channel Islands.",2026-06-04T11:58:37.304884
38194,France to fly two astronauts on Vast missions,2026-06-02T01:05:03Z,SpaceNews,https://spacenews.com/france-to-fly-two-astronauts-on-vast-missions/,"Commercial space station developer Vast has reached an agreement with the French government to fly two French astronauts on its missions, including the first flight to its Haven-1 space station. The post France to fly two astronauts on Vast missions appeared first on SpaceNews.",2026-06-04T11:58:37.314795
38193,"NASA Agrees with Industry, Keep CLD Program As Is",2026-06-02T00:45:29Z,SpacePolicyOnline.com,https://spacepolicyonline.com/news/nasa-agrees-with-industry-keep-cld-program-as-is/,NASA is backing off its March announcement proposing a significant change to ensuring that at least one commercial space station is ready to replace the International Space Station (ISS) at […],2026-06-04T11:58:37.326946
38192,NASA Awards Modification Contract for Reduced Gravity Test Aircraft,2026-06-01T23:45:59Z,NASA,https://www.nasa.gov/news-release/nasa-awards-modification-contract-for-reduced-gravity-test-aircraft/,"NASA selected Denmar Technical Services of Nevada to provide aircraft modifications, maintenance, and testing services to the Human Spaceflight Mission Directorate at NASA’s Armstrong Flight Research Center in Edwards, California, and Johnson Space Center in Houston. The award is a firm-fixed-price contract and will be time and material for any over and above and unforeseen […]",2026-06-04T11:58:37.331807
38191,Launch Preview: SpaceX and Chinese rockets to launch internet satellites to LEO,2026-06-01T22:05:08Z,NASASpaceflight,https://www.nasaspaceflight.com/2026/06/launch-preview-060126/,"SpaceX and Chinese launches dominate this week’s launch manifest, which features six missions from five… The post Launch Preview: SpaceX and Chinese rockets to launch internet satellites to LEO appeared first on NASASpaceFlight.com.",2026-06-04T11:58:37.331807
38190,NASA Invites Media to See Roman Space Telescope Arrive at Kennedy,2026-06-01T21:22:52Z,NASA,https://www.nasa.gov/news-release/nasa-invites-media-to-see-roman-space-telescope-arrive-at-kennedy/,"Registration is open for media to cover the arrival of NASA’s Nancy Grace Roman Space Telescope at the agency’s Kennedy Space Center in Florida in the coming weeks. The observatory will arrive aboard NASA’s Pegasus barge from NASA’s Goddard Space Flight Center in Greenbelt, Maryland, where teams completed its construction, assembly, and testing. Credentialed media […]",2026-06-04T11:58:37.348588
38189,PLD Space Triples Investment in Launch Facility to €35 Million,2026-06-01T19:06:32Z,European Spaceflight,https://europeanspaceflight.com/pld-space-triples-investment-in-launch-facility-to-e35-million/,"PLD Space has announced that it will invest €35 million in the development of its launch facility at the Guiana Space Centre in French Guiana, more than triple the amount the company initially planned. In June 2024, PLD Space announced that it planned to “make a very efficient 10 million euros investment for the construction […] The post PLD Space Triples Investment in Launch Facility to €35 Million appeared first on European Spaceflight.",2026-06-04T11:58:37.348588
38188,What’s Up: June 2026 Skywatching Tips from NASA,2026-06-01T18:13:46Z,NASA,https://science.nasa.gov/solar-system/whats-up-june-2026-skywatching-tips-from-nasa/,"Venus and Jupiter meet after sunset, the Moon passes in front of Venus, summer begins, and deep-sky treasures rise into view.",2026-06-04T11:58:38.691965
38187,NASA to Conduct Low-Altitude Flights Near Houston,2026-06-01T18:29:50Z,NASA,https://www.nasa.gov/general/nasa-to-conduct-low-altitude-flights-near-houston/,"Five research aircraft will support a Student Airborne Research Program (SARP) mission out of Ellington Field in Houston. Flights are expected from Wednesday, June 3 to Saturday, June 13. During the mission, select maneuvers will be conducted at low altitudes over the Houston area.  Pilots will fly remote sensing payloads in raster patterns, or parallel back-and-forth lines. The instruments flown could help […]",2026-06-04T11:58:37.365266
38186,Op-Ed: Misuse of Commercial Programs Sets NASA Up for Failure,2026-06-01T15:42:10Z,Space Scout,https://www.spacescout.info/2026/06/op-ed-misuse-of-commercial-programs-sets-nasa-up-for-failure/,"Despite Starliner being perhaps the most visible example of a commercial program gone wrong, it is far from unique in its problems.",2026-06-04T11:58:38.708226
38185,Pilot Flight Logs,2026-06-01T15:38:43Z,NASA,https://www.nasa.gov/aeronautics/aeronautics-stem/pilot-flight-logs/,"Pilot Flight Logs Pilot flight logs, which have been around in one form or another since the beginning of flight, have served several purposes. Today, pilot logbooks are used by aviators to provide a record of their flights, including current and accumulated flight time, number and locations of takeoffs and landings, as well as unique […]",2026-06-04T11:58:38.732225
38184,Flight Log—About Pilots,2026-06-01T15:39:35Z,NASA,https://www.nasa.gov/aeronautics/aeronautics-stem/flight-log-about-pilots/,"Introduction From the first glider flight to the first powered flight, aviation pioneers have paved the way for remarkable innovations in flight. At NASA, our pilots conduct research, study wildfires, and support unmanned aircraft missions. In fact, out of the 360 astronauts who have been selected, 191 of them have been pilots!   The History of Pilot Certificates […]",2026-06-04T11:58:38.716225
38183,Webb sniffs methane from interstellar Comet 3I/ATLAS,2026-06-01T15:00:00Z,ESA,https://www.esa.int/ESA_Multimedia/Images/2026/06/Webb_sniffs_methane_from_interstellar_Comet_3I_ATLAS,From the ESA Blogs.,2026-06-04T11:58:38.740225
38182,Northrop Grumman partners with Apex on space-based interceptors for Golden Dome,2026-06-01T14:57:04Z,SpaceNews,https://spacenews.com/northrop-grumman-partners-with-apex-on-space-based-interceptors-for-golden-dome/,The Los Angeles-based startup manufactures standardized satellite buses designed to be produced more quickly and at lower cost than traditional government spacecraft The post Northrop Grumman partners with Apex on space-based interceptors for Golden Dome appeared first on SpaceNews.,2026-06-04T11:58:38.748260
38181,Smile: cleanroom to space,2026-06-01T14:00:00Z,ESA,https://www.esa.int/ESA_Multimedia/Videos/2026/06/Smile_cleanroom_to_space,Smile successfully launched from Europe’s Spaceport in French Guiana on 19 May 2026.,2026-06-04T11:58:38.765162
38180,Pretty in Pink,2026-06-01T14:30:17Z,NASA,https://www.nasa.gov/image-article/pretty-in-pink-2/,"This image of Westerlund 2 released on March 19, 2026, features Chandra X-ray Observatory data (pink) and infrared data from NASA’S James Webb Space Telescope (red, orange, green, cyan, and blue). Scores of gleaming stars ringed in neon pink stretch across the frame, highlighting a cluster where stars are between one and three million years […]",2026-06-04T11:58:38.761876
38179,Spaceport facility bonds are now law – and they fundamentally change space infrastructure finance,2026-06-01T13:00:00Z,SpaceNews,https://spacenews.com/spaceport-facility-bonds-are-now-law-and-they-fundamentally-change-space-infrastructure-finance/,"After more than three decades in public and project finance, I have learned that real inflection points in infrastructure development rarely announce themselves loudly. They usually arrive embedded in financing […] The post Spaceport facility bonds are now law – and they fundamentally change space infrastructure finance appeared first on SpaceNews.",2026-06-04T11:58:38.780554
38178,Gravity Waves From Super Typhoon Sinlaku,2026-06-01T04:01:00Z,NASA,https://science.nasa.gov/earth/earth-observatory/gravity-waves-from-super-typhoon-sinlaku/,Satellites observed striking upper-atmosphere phenomena generated by an intensifying tropical cyclone.,2026-06-04T11:58:40.478693
38177,"China conducts surprise launch of Long March 12B, delivers Qianfan satellites on debut flight",2026-06-01T10:43:39Z,SpaceNews,https://spacenews.com/china-conducts-surprise-launch-of-long-march-12b-delivers-qianfan-satellites-on-debut-flight/,"China conducted the maiden launch of its reusable Long March 12B rocket Monday, providing no advance warning and delivering operational payloads to orbit. The post China conducts surprise launch of Long March 12B, delivers Qianfan satellites on debut flight appeared first on SpaceNews.",2026-06-04T11:58:38.781652
38176,Space science for your heart,2026-06-01T10:18:00Z,ESA,https://www.esa.int/ESA_Multimedia/Images/2026/06/Space_science_for_your_heart,From the ESA Blogs.,2026-06-04T11:58:40.435849
38175,New Glenn failure worsens constrained launch market,2026-06-01T09:46:33Z,SpaceNews,https://spacenews.com/new-glenn-failure-worsens-constrained-launch-market/,"The explosion of a New Glenn rocket has generated reverberations across the space industry with the rocket out of service for potentially a year or more. The post New Glenn failure worsens constrained launch market appeared first on SpaceNews.",2026-06-04T11:58:40.451828
38174,China launches test direct-to-device satellites for multiple projects,2026-06-01T09:37:01Z,SpaceNews,https://spacenews.com/china-launches-test-direct-to-device-satellites-for-multiple-projects/,"China capped a busy month of launches by sending four new satellite internet test satellites into orbit with a workhorse hypergolic rocket. The post China launches test direct-to-device satellites for multiple projects appeared first on SpaceNews.",2026-06-04T11:58:40.471378
38173,Ancient black hole sheds new light on Webb’s Little Red Dots,2026-05-31T23:36:19Z,NASASpaceflight,https://www.nasaspaceflight.com/2026/05/webb-abell2744-qso1/,"Using the joint NASA/European Space Agency/Canadian Space Agency James Webb Space Telescope, an international team… The post Ancient black hole sheds new light on Webb’s Little Red Dots appeared first on NASASpaceFlight.com.",2026-06-04T11:58:40.483103
38172,"What’s Happening in Space Policy May 31-June 6, 2026",2026-05-31T22:02:44Z,SpacePolicyOnline.com,https://spacepolicyonline.com/news/whats-happening-in-space-policy-may-31-june-6-2026/,"Here is SpacePolicyOnline.com’s list of space policy events for the week of May 31-June 6, 2026 and any insight we can offer about them. The Senate and House are in […]",2026-06-04T11:58:40.483103
38171,Italy Turns to Tall Ship to Simulate Stresses of Long-Duration Spaceflight,2026-05-31T14:09:32Z,European Spaceflight,https://europeanspaceflight.com/italy-turns-to-tall-ship-to-simulate-stresses-of-long-duration-spaceflight/,"The Italian Space Agency (ASI) has enlisted students from the country’s Naval Academy aboard a tall ship to examine how the human body responds to the stresses of long-duration spaceflight as part of its ICE-Blue initiative. In 2024, ASI signed an Operational Agreement with the Italian Navy, under which the ICE-BLUE initiative was launched in […] The post Italy Turns to Tall Ship to Simulate Stresses of Long-Duration Spaceflight appeared first on European Spaceflight.",2026-06-04T11:58:40.498064
38170,FAA documents outline SpaceX plans for Starfall reentry vehicles,2026-05-31T09:26:19Z,SpaceNews,https://spacenews.com/faa-documents-outline-spacex-plans-for-starfall-reentry-vehicles/,Federal Aviation Administration documents have provided new details about a SpaceX project to develop and test reentry vehicles that could be used to support in-space manufacturing projects. The post FAA documents outline SpaceX plans for Starfall reentry vehicles appeared first on SpaceNews.,2026-06-04T11:58:40.498064
38169,Blue Origin gets national security launch task order hours before New Glenn explosion,2026-05-30T21:06:37Z,SpaceNews,https://spacenews.com/blue-origin-gets-national-security-launch-task-order-hours-before-new-glenn-explosion/,"U.S. Space Force, National Reconnaissance Office ‘remain committed partners with Blue Origin’ The post Blue Origin gets national security launch task order hours before New Glenn explosion appeared first on SpaceNews.",2026-06-04T11:58:40.511289
38168,Live coverage: SpaceX to launch 50th Starlink mission of 2026,2026-05-30T13:46:18Z,Spaceflight Now,https://spaceflightnow.com/2026/05/30/live-coverage-spacex-to-launch-50th-starlink-mission-of-2026/,The Starlink 17-41 mission is SpaceX’s 10th and final launch of May. Liftoff of the Falcon 9 rocket from pad 4E at Vandenberg Space Force Base is scheduled for 8:25 a.m. PDT (11:25 a.m. EDT / 1525 UTC).,2026-06-04T11:58:40.515006
38167,Repercussions of New Glenn’s Explosion Still Coming Into Focus,2026-05-29T22:21:19Z,SpacePolicyOnline.com,https://spacepolicyonline.com/news/repercussions-of-new-glenns-explosion-still-coming-into-focus/,The repercussions of last night’s explosion of Blue Origin’s New Glenn rocket during a pre-launch test will take some time to assess. Among the key questions are not only what […],2026-06-04T11:58:42.489878
38166,Live coverage: ULA to launch 29 Amazon Leo satellites on Atlas 5 rocket from Cape Canaveral,2026-05-29T21:52:15Z,Spaceflight Now,https://spaceflightnow.com/2026/05/29/live-coverage-ula-to-launch-29-amazon-leo-satellites-on-atlas-5-rocket-from-cape-canaveral-2/,The Leo Atlas 07 mission is the second to last flight that Amazon booked on a United Launch Alliance Atlas 5 rocket. Liftoff from pad 41 at Cape Canaveral Space Force Station is scheduled during a window that opens at 7:33 p.m. EDT (2333 UTC).,2026-06-04T11:58:42.505499
38165,NASA Awards Contract for Johnson Space Center Infrastructure,2026-05-29T21:24:11Z,NASA,https://www.nasa.gov/news-release/nasa-awards-contract-for-johnson-space-center-infrastructure/,"NASA has selected seven companies to provide construction, revitalization, and infrastructure improvements at the agency’s Johnson Space Center in Houston. The Johnson Space Center Multiple Award Construction Contract supports up to $300 million in upgrades to mission‑support facilities, utilities, and equipment across the NASA Johnson campus. All funds must be obligated by Sept. 30, 2026. […]",2026-06-04T11:58:42.508538
38164,NASA Hosts SpaceX Crew-11 Astronauts for Public Event at Headquarters,2026-05-29T20:49:43Z,NASA,https://www.nasa.gov/news-release/nasa-hosts-spacex-crew-11-astronauts-for-public-event-at-headquarters/,"NASA will host a public event featuring three crew members from the agency’s SpaceX Crew-11 mission at 11 a.m. EDT Monday, June 1. The event, which takes place during the crew’s standard postflight visit, will be held in the Webb Auditorium at NASA Headquarters in the Mary W. Jackson building, 300 E. Street SW in […]",2026-06-04T11:58:42.524546
38163,China’s Shenzhou-21 Crew Returns to Earth,2026-05-29T17:56:42Z,SpacePolicyOnline.com,https://spacepolicyonline.com/news/chinas-shenzhou-21-crew-returns-to-earth/,"China’s three-man Shenzhou-21 (SZ-21) crew returned to Earth today after 210 days aboard the Tiangong space station. They landed not in the SZ-21 spacecraft, however, but SZ-22. SZ-22 was launched […]",2026-06-04T11:58:42.532547
38162,Space Force awards SpaceX $4.16 billion to build satellite network for airborne target tracking,2026-05-29T16:52:57Z,SpaceNews,https://spacenews.com/space-force-awards-spacex-4-16-billion-to-build-satellite-network-for-airborne-target-tracking/,"The low-orbit satellite constellation is intended to track aircraft, cruise missiles and other airborne threats The post Space Force awards SpaceX $4.16 billion to build satellite network for airborne target tracking appeared first on SpaceNews.",2026-06-04T11:58:42.546215
38161,NASA’s Roman Space Telescope Primary Mirror Gets Last Look,2026-05-29T16:33:00Z,NASA,https://www.nasa.gov/missions/roman-space-telescope/nasas-roman-space-telescope-primary-mirror-gets-last-look/,"Engineers at NASA’s Goddard Space Flight Center in Greenbelt, Maryland, have completed their final inspection of a key element for the agency’s Nancy Grace Roman Space Telescope: the primary mirror. This 7.9-foot (2.4-meter) mirror will collect and focus light from cosmic objects near and far, helping Roman capture stunning panoramas of space. “The Roman engineering […]",2026-06-04T11:58:42.548556
38160,Hubble Spies Faint Irregular Galaxy,2026-05-29T16:14:26Z,NASA,https://www.nasa.gov/image-article/hubble-spies-faint-irregular-galaxy/,"This NASA Hubble Space Telescope image released on May 27, 2026, features the dwarf irregular galaxy ESO 490-017, roughly 12,000 light-years in diameter and some 23 million light-years away in the constellation Canis Major. The galaxy’s low surface brightness makes it appear as a faint, starry swarm behind brighter foreground stars that are easily recognized by their diffraction spikes. […]",2026-06-04T11:58:42.564135
38159,This Month at ESA: May 2026,2026-05-29T15:00:00Z,ESA,https://www.esa.int/ESA_Multimedia/Videos/2026/05/This_Month_at_ESA_May_2026,"What did space deliver for Europe this month? From asteroid flybys to Mars landing tests, new discoveries from Webb and Hubble, and ESA astronaut Sophie Adenot capturing shooting stars from orbit, here’s your monthly roundup from the European Space Agency.",2026-06-04T11:58:42.573377
38158,Space Force’s commercial gatekeeper offers a playbook for startups seeking defense business,2026-05-29T14:53:49Z,SpaceNews,https://spacenews.com/space-forces-commercial-gatekeeper-offers-a-playbook-for-startups-seeking-defense-business/,"COMSO chief Col. Tim Trimailo says transparency, patience and a clear military value proposition matter as much as technical innovation The post Space Force’s commercial gatekeeper offers a playbook for startups seeking defense business appeared first on SpaceNews.",2026-06-04T11:58:42.581968
38157,ESA and EDF strengthen their partnership for energy efficiency at Europe’s Spaceport,2026-05-29T13:05:00Z,ESA,https://www.esa.int/Enabling_Support/Space_Transportation/ESA_and_EDF_strengthen_their_partnership_for_energy_efficiency_at_Europe_s_Spaceport,From the ESA Blogs.,2026-06-04T11:58:44.349754
38156,Bellatrix and TelePIX plan 2028 air-breathing VLEO imaging demonstration,2026-05-29T13:36:35Z,SpaceNews,https://spacenews.com/bellatrix-and-telepix-plan-2028-air-breathing-vleo-imaging-demonstration/,South Korean optical payload developer TelePIX and Indian propulsion specialist Bellatrix Aerospace have teamed up on a very low Earth orbit geospatial demonstration mission slated for 2028. The post Bellatrix and TelePIX plan 2028 air-breathing VLEO imaging demonstration appeared first on SpaceNews.,2026-06-04T11:58:44.325952
38155,Week in images: 25-29 May 2026,2026-05-29T13:10:00Z,ESA,https://www.esa.int/About_Us/Week_in_images/Week_in_images_25-29_May_2026,Week in images: 25-29 May 2026,2026-06-04T11:58:44.334133
38154,Here's why the failure of Blue Origin's New Glenn rocket is so catastrophic,2026-05-29T12:43:35Z,Arstechnica,https://arstechnica.com/features/2026/05/heres-why-the-failure-of-blue-origins-new-glenn-rocket-is-so-catastrophic/,"""I hope that it makes it far enough away from the pad that it does not cause pad damage.""",2026-06-04T11:58:44.380706
38153,Here's why the failure of Blue Origin's New Glenn rocket is so catastrophic,2026-05-29T12:43:35Z,Arstechnica,https://arstechnica.com/space/2026/05/heres-why-the-failure-of-blue-origins-new-glenn-rocket-is-so-catastrophic/,"""I hope that it makes it far enough away from the pad that it does not cause pad damage.""",2026-06-04T11:58:44.363500
38152,Hubble Captures M88 on Journey to Center of Virgo Cluster,2026-05-29T11:29:09Z,NASA,https://science.nasa.gov/missions/hubble/hubble-captures-m88-on-journey-to-center-of-virgo-cluster/,"This NASA Hubble Space Telescope image features the active spiral galaxy Messier 88 (M88), located about 63 million light-years away.",2026-06-04T11:58:44.397404
38151,Spatial data has become a weapon of war in the US-Iran war,2026-05-29T12:00:00Z,SpaceNews,https://spacenews.com/spatial-data-has-become-a-weapon-of-war-in-the-us-iran-war/,We are in the geospatial era of warfare in which information derived from satellites is as strategically critical as territorial control. The progressive dissolution of the distinction between the civil […] The post Spatial data has become a weapon of war in the US-Iran war appeared first on SpaceNews.,2026-06-04T11:58:44.384154
38150,China’s latest batch of new and reusable rockets are close to launch,2026-05-29T09:38:40Z,SpaceNews,https://spacenews.com/chinas-latest-batch-of-new-and-reusable-rockets-are-close-to-launch/,"A number of new Chinese state-led and commercial rockets are set for debuts and fresh first stage recovery attempts in the coming weeks and months. The post China’s latest batch of new and reusable rockets are close to launch appeared first on SpaceNews.",2026-06-04T11:58:44.402611
38149,Earth from Space: Batagaika Crater,2026-05-29T08:00:00Z,ESA,https://www.esa.int/ESA_Multimedia/Images/2026/05/Earth_from_Space_Batagaika_Crater,From the ESA Blogs.,2026-06-04T11:58:44.430591
38148,Journey to the centre of a galaxy cluster,2026-05-29T08:00:00Z,ESA,https://www.esa.int/ESA_Multimedia/Images/2026/05/Journey_to_the_centre_of_a_galaxy_cluster,From the ESA Blogs.,2026-06-04T11:58:44.414596
38147,ESA Greenlights Two Budget-Friendly Earth Observation Missions,2026-05-29T07:31:34Z,European Spaceflight,https://europeanspaceflight.com/esa-greenlights-two-budget-friendly-earth-observation-missions/,"The European Space Agency has greenlit its HiBiDiS and SOVA-S Scout missions, with development led by SITAEL and OHB Czechspace, respectively. These missions are required to progress from initial approval to launch within three years, with costs capped at €35 million. On 20 May, the agency announced that it had selected its next two Scout […] The post ESA Greenlights Two Budget-Friendly Earth Observation Missions appeared first on European Spaceflight.",2026-06-04T11:58:45.866282
38146,New Glenn rocket explodes on Cape Canaveral pad,2026-05-29T06:00:15Z,SpaceNews,https://spacenews.com/new-glenn-rocket-explodes-on-cape-canaveral-pad/,"A Blue Origin New Glenn rocket exploded on its launch pad at Cape Canaveral, Florida, during a May 28 hotfire test, destroying the rocket and causing extensive pad damage. The post New Glenn rocket explodes on Cape Canaveral pad appeared first on SpaceNews.",2026-06-04T11:58:45.881893
38145,Blue Origin’s New Glenn rocket explodes during prelaunch testing at Cape Canaveral,2026-05-29T05:03:45Z,Spaceflight Now,https://spaceflightnow.com/2026/05/29/blue-origins-new-glenn-rocket-explodes-during-prelaunch-testing-at-cape-canaveral/,The explosion happened at 9 p.m. EDT (0100 UTC) during a static fire test of the rocket at Launch Complex 36 at Cape Canaveral Space Force Station. Blue Origin was slated to launch a mission for Amazon Leo as soon as June 4.,2026-06-04T11:58:45.881893
38144,Painting the Growing Season in the Maize Triangle,2026-05-29T04:00:00Z,NASA,https://science.nasa.gov/earth/earth-observatory/painting-the-growing-season-in-the-maize-triangle/,"Radar data from an agricultural area in South Africa, shown in a vivid color palette, reveal crop types and how they changed during the Southern Hemisphere’s growing season.",2026-06-04T11:58:45.901618
38143,Blue Origin’s New Glenn Rocket Explodes During Pre-Launch Test,2026-05-29T03:55:36Z,SpacePolicyOnline.com,https://spacepolicyonline.com/news/blue-origins-new-glenn-rocket-explodes-during-pre-launch-test/,Blue Origin’s New Glenn rocket exploded during a pre-launch test this evening. The company said all personnel are safe and accounted for following the “anomaly.” The company was conducting a […],2026-06-04T11:58:45.925047
38142,Blue Origin’s New Glenn explodes during Static Fire test at LC-36,2026-05-29T03:59:03Z,NASASpaceflight,https://www.nasaspaceflight.com/2026/05/blue-origin-new-glenn-explodes/,"Blue Origin experienced a major anomaly during a planned hot-fire test of its New Glenn… The post Blue Origin’s New Glenn explodes during Static Fire test at LC-36 appeared first on NASASpaceFlight.com.",2026-06-04T11:58:45.913873
38141,Blue Origin's New Glenn rocket just exploded during a static fire test,2026-05-29T02:21:08Z,Arstechnica,https://arstechnica.com/space/2026/05/blue-origins-new-glenn-rocket-just-exploded-during-a-static-fire-test/,New Glenn was due to play a starring role in NASA's Artemis Program.,2026-06-04T11:58:45.933258
38140,Live coverage: SpaceX to launch 29 Starlink satellites on Falcon 9 rocket from Cape Canaveral,2026-05-29T00:33:17Z,Spaceflight Now,https://spaceflightnow.com/2026/05/29/live-coverage-spacex-to-launch-29-starlink-satellites-on-falcon-9-rocket-from-cape-canaveral-14/,The Starlink 10-53 mission will be the 49th mission dedicated to flying SpaceX’s broadband internet satellites to low Earth orbit in 2026. Liftoff from pad 40 at Cape Canaveral Space Force Station is scheduled for 8:03 a.m. EDT (1203 UTC).,2026-06-04T11:58:45.941261
38139,Space Force plans nationwide network of ‘resilient operations centers’,2026-05-28T22:55:11Z,SpaceNews,https://spacenews.com/space-force-plans-nationwide-network-of-resilient-operations-centers/,These facilities are intended to ensure military space missions can continue during wartime when installations could come under attack The post Space Force plans nationwide network of ‘resilient operations centers’  appeared first on SpaceNews.,2026-06-04T11:58:45.954245
38138,NASA’s X-59 Prepares for First Supersonic Flight,2026-05-28T22:29:20Z,NASA,https://www.nasa.gov/centers-and-facilities/armstrong/nasas-x-59-prepares-for-first-supersonic-flight/,NASA’s X-59 quiet supersonic research aircraft is preparing for some of its most significant flights yet. The X-plane is about to begin a new block of test flights that will include its first time flying faster than the speed of sound and other mission-critical objectives. “What comes next is the first time this one-of-a-kind aircraft […],2026-06-04T11:58:45.964811
