Title,Company,Location,Salary,Tags,Posted,Created
Senior Software Engineer,Stellar AI,Europe,90k - 130k,"Developer, Train",2026-06-03T00:00:03+00:00,2026-06-03T17:49:53.930304
Entry Level Junior Trader,Infiniti Group,Worldwide,50k - 60k,"Other, Finance, Analyst",2026-05-30T07:50:13+00:00,2026-06-03T17:49:53.945919
Hub Recruiter,Hub.xyz,Latin America,10k - 100k,"Work from Home, Other",2026-05-28T16:09:51+00:00,2026-06-03T17:49:53.945919
Client Delivery Manager,Storyteller,Brazil,40k - 80k,"Work from Home, AI, SaaS, Executive",2026-05-28T07:41:28+00:00,2026-06-03T17:49:53.945919
SALES REPS WANTED FOR HIGH TICKET FINANCE SALES,FSE,Worldwide,60k - 200k,Sales,2026-05-28T00:00:04+00:00,2026-06-03T17:49:53.945919
Junior Illustrator,Twine,Worldwide,N/A,"Junior, Illustrator",2026-06-03T11:01:57+00:00,2026-06-03T17:49:53.945919
Molecular Biology Scientist,STEM Sync AI,Canada,N/A,Biotech,2026-06-03T09:05:07+00:00,2026-06-03T17:49:53.945919
Case Coordinator Family Supports,VON Canada (Ontario),Probably worldwide,N/A,"HR, Sys Admin, Coordinator, Customer Support, Executive, Finance, Edu, Microsoft, Medical, Full Time",2026-06-03T08:00:06+00:00,2026-06-03T17:49:53.945919
Clinical Research Scientist,STEM Sync AI,Worldwide,N/A,Biotech,2026-06-03T07:02:08+00:00,2026-06-03T17:49:53.945919
Customer Support,RecruitLytics Hires,",",N/A,"Customer Support, Sys Admin, Edu, Technical, Marketing, Executive",2026-06-03T05:13:07+00:00,2026-06-03T17:49:53.945919
Assistente de Recursos Humanos Trabalho Remoto,BairesDev,Brazil,N/A,"Marketing, Non Tech, Finance, C",2026-06-03T01:08:01+00:00,2026-06-03T17:49:53.945919
MEX Cajero Dual,Universia Mxico,Mexico,N/A,"Marketing, Non Tech, Finance",2026-06-03T00:45:07+00:00,2026-06-03T17:49:53.945919
MEX Cajero Sucursal,Universia Mxico,Mexico,N/A,"Marketing, Non Tech, Finance, C",2026-06-03T00:43:58+00:00,2026-06-03T17:49:53.945919
CLT Produo Artstico Editorial Narratrix Brasil,Portal Vagas Terceiro Setor,Worldwide,N/A,"Marketing, Non Tech",2026-06-02T22:15:19+00:00,2026-06-03T17:49:53.961638
English Subtitle Specialist,MrBeast,United States,N/A,"Embedded, Customer Support, Developer, Transcribing, Design, Video, Content Writing, Senior, Sys Admin",2026-06-02T21:56:42+00:00,2026-06-03T17:49:53.961638
Merchandising Representative,CELSIUS,United States,N/A,"Embedded, Customer Support, Developer, Transcribing, Design, Video, Content Writing, Senior, Sys Admin, Executive, Music, Marketing, Web Developer, Finance, SEO, Sales, Medical, Recruiter, HR, Accounting, Payroll, Microsoft, Ops, Edu, Legal, Golang, Full Time, InfoSec, Teaching, Testing, Travel, Coordinator, Part Time",2026-06-02T19:37:02+00:00,2026-06-03T17:49:53.961638
Employee Drivers,"Jet Delivery, Inc",Worldwide,N/A,N/A,2026-06-02T18:59:33+00:00,2026-06-03T17:49:53.969674
Gerente De Cuentas Madrid Espaa  Andaluca Espaa Valenci ..,Sixtema,Worldwide,N/A,"Biotech, Speech, Game Developer, Technical, Customer Support, Developer, Virtual Assistant, Edu, Video, Microsoft, Executive, Senior, Junior, Ops, Excel, Legal, Full Time, English Teacher, Teaching, Testing, Mobile, Marketing",2026-06-02T17:41:46+00:00,2026-06-03T17:49:53.969674
Business Development Representative,albo,Mexico,N/A,"Finance, Non Tech, SaaS, C, Executive, Senior, Bus Developer, Sales",2026-06-02T17:21:39+00:00,2026-06-03T17:49:53.969674
Analista administrativo a del rea comercial,Universia Colombia,Colombia,N/A,"Finance, Non Tech",2026-06-02T16:50:09+00:00,2026-06-03T17:49:53.977974
CAMAREIRA,Samba Hospitality Group,Rio de Janeiro e Regio,N/A,"Marketing, Non Tech, Finance, C",2026-06-02T16:44:20+00:00,2026-06-03T17:49:53.977974
Vice President People,KIPP Foundation,United States,N/A,"Embedded, Customer Support, Developer, Transcribing, Design, Video, Content Writing, Senior, Sys Admin, Executive, Music, Marketing, Web Developer, Finance, SEO, Sales, Medical, Recruiter, HR, Accounting, Payroll, Microsoft, Ops, Edu, Legal, Golang, Full Time, InfoSec, Teaching, Testing, Travel, Coordinator, Part Time",2026-06-02T16:29:58+00:00,2026-06-03T17:49:53.977974
Machine Learning QA Engineer,Derq,Probably worldwide,N/A,"Design, Python, Testing, Quality Assurance, JavaScript, Cloud, Executive, Machine Learning, Content Writing, Excel, Stats, Sys Admin, Engineer",2026-06-02T16:00:12+00:00,2026-06-03T17:49:53.977974
Experienced Senior 1 Acquisition Manager,360dialog GmbH,Probably worldwide,N/A,"Executive, Design, SaaS, Sys Admin, Technical, Developer, Ads, API, Senior, Ops, Stats, Engineer, Recruiter, Edu",2026-06-02T16:00:06+00:00,2026-06-03T17:49:53.986010
Key Account Executive,Unilever,India,N/A,"Sys Admin, Executive, Edu, Sales, Full Time",2026-06-02T15:44:41+00:00,2026-06-03T17:49:53.986010
Private Equity Analyst,CapitexAI,Worldwide,N/A,Analyst,2026-06-02T15:03:45+00:00,2026-06-03T17:49:53.986010
Application Support Specialist,Dart,Worldwide,N/A,"InfoSec, Customer Support, Executive, Ops, Legal, Sys Admin, Edu, Developer, Marketing, Accounting, Admin, Microsoft, Junior",2026-06-02T14:30:20+00:00,2026-06-03T17:49:53.986010
Creative Designer,Air Apps,"Zrich, Zrich, Zrich, Schweiz",N/A,"Biotech, Speech, Game Developer, Technical, Customer Support, Developer, Virtual Assistant, Edu, Video, Microsoft, Executive, Senior, Junior, Ops, Excel, Legal, Full Time, English Teacher, Teaching, Testing, Mobile, Marketing, Design, Designer, Web Developer, Finance, Ads, Content Writing, Photoshop, Medical, Illustrator",2026-06-02T14:07:15+00:00,2026-06-03T17:49:53.994140
Project Assistant,Arabian Private Holdings,Bulgaria,N/A,"Biotech, Speech, Game Developer, Technical, Customer Support, Developer, Virtual Assistant, Edu, Video, Microsoft, Executive, Senior, Junior, Ops, Excel, Legal, Full Time",2026-06-02T14:03:55+00:00,2026-06-03T17:49:53.994140
Fire Fighter,Adani Airport Holdings Ltd,Worldwide,N/A,"InfoSec, Edu, Customer Support, Marketing, Executive, Finance, Ops, Medical, Engineer",2026-06-02T11:05:47+00:00,2026-06-03T17:49:53.994140
English Teacher for Children,TUS Media,Spain,N/A,"Biotech, Speech, Game Developer, Technical, Customer Support, Developer, Virtual Assistant, Edu, Video, Microsoft, Executive, Senior, Junior, Ops, Excel, Legal, Full Time, English Teacher, Teaching",2026-06-02T10:35:10+00:00,2026-06-03T17:49:53.994140
Salari dsign,Hpitaux Robert Schuman,Luxembourg,N/A,"Wordpress, Technical, Customer Support, Web Developer, Video, Executive, Content Writing, Marketing, Medical, Developer",2026-06-02T10:30:53+00:00,2026-06-03T17:49:53.994140
Editora de Video Jr Mid Contenido Digital,Universia Mxico,Mexico,N/A,"Video, C, Non Tech",2026-06-02T06:43:04+00:00,2026-06-03T17:49:53.994140
XML DCA,Integra,Worldwide,N/A,"InfoSec, Edu, Customer Support, Marketing, Executive, Finance, Ops, Medical, Engineer",2026-06-02T05:14:21+00:00,2026-06-03T17:49:54.009795
Head Of People And Culture,Bloom HR Pty Ltd,Australia,N/A,"Junior, Illustrator, HR, Executive, Customer Support, Marketing, Travel, Edu, Senior, Ops",2026-06-02T03:46:05+00:00,2026-06-03T17:49:54.009795
British English Voice Actor Specialist Lancaster,OpsArmy Careers,United Kingdom,N/A,"Biotech, Speech, Game Developer, Technical, Customer Support, Developer",2026-06-02T02:19:23+00:00,2026-06-03T17:49:54.009795
Copywriter,YO IT Consulting,United Kingdom,N/A,"Biotech, Speech, Game Developer, Technical, Customer Support, Developer, Virtual Assistant, Edu, Video, Microsoft, Executive, Senior, Junior, Ops, Excel, Legal, Full Time, English Teacher, Teaching, Testing, Mobile, Marketing, Design, Designer, Web Developer, Finance, Ads, Content Writing, Photoshop, Medical, Illustrator, Consulting, Copywriting, Quality Assurance, Sys Admin, Part Time",2026-06-02T01:47:11+00:00,2026-06-03T17:49:54.009795
UGC Content Creator The Good Creator Collective,The Good Influence,United Kingdom,N/A,"Testing, Marketing, Video, Content Writing, Medical, Non Tech",2026-06-02T01:23:04+00:00,2026-06-03T17:49:54.009795
Ejecutivo comercial Industria alimentaria,Universia Per,"Magdalena del Mar, Magdalena del Mar, Per",N/A,"Video, C, Non Tech, SEO, Marketing, Jira",2026-06-02T01:18:41+00:00,2026-06-03T17:49:54.009795
ANALISTA DE SERVICE DESK,Revvo,Brazil,N/A,"Video, C, Non Tech, SEO, Marketing, Jira",2026-06-02T00:51:41+00:00,2026-06-03T17:49:54.009795
Auxiliar de Nminas y Administracin,Universia Mxico,Mexico,N/A,"Video, C, Non Tech",2026-06-02T00:43:03+00:00,2026-06-03T17:49:54.009795
Digital Account Manager,Connoisseur Media,United States,N/A,"Embedded, Customer Support, Developer, Transcribing, Design, Video, Content Writing, Senior, Sys Admin, Executive, Music, Marketing, Web Developer, Finance, SEO, Sales, Medical, Recruiter",2026-06-02T00:00:00+00:00,2026-06-03T17:49:54.025418
Business Manager,Connoisseur Media,United States,N/A,"Embedded, Customer Support, Developer, Transcribing, Design, Video, Content Writing, Senior, Sys Admin, Executive, Music, Marketing, Web Developer, Finance, SEO, Sales, Medical, Recruiter, HR, Accounting, Payroll, Microsoft, Ops",2026-06-02T00:00:00+00:00,2026-06-03T17:49:54.025418
Human Resources Generalist,Bravas,United States,N/A,"Embedded, Customer Support, Developer, Transcribing, Design, Video, Content Writing, Senior, Sys Admin, Executive, Music, Marketing, Web Developer, Finance, SEO, Sales, Medical, Recruiter, HR, Accounting, Payroll, Microsoft, Ops, Edu, Legal, Golang, Full Time, InfoSec, Teaching, Testing, Travel",2026-06-02T00:00:00+00:00,2026-06-03T17:49:54.025418
Data Analyst,Diptyque Paris,United States,N/A,"Executive, Teaching, Marketing, Edu, Senior, Excel, Sales, Golang, Design, Embedded, HR, Sys Admin, InfoSec, Customer Support, Testing, Travel, Finance, Ops, Legal, Medical, Recruiter, Full Time, Analyst, Data Science",2026-06-01T23:49:11+00:00,2026-06-03T17:49:54.041043
Data Analyst,Diptyque Paris,"Lafayette, Lafayette, Louisiana Metropolitan Area",N/A,"Executive, Teaching, Marketing, Edu, Senior, Excel, Sales, Golang, Design, Embedded, HR, Sys Admin, InfoSec, Customer Support, Testing, Travel, Finance, Ops, Legal, Medical, Recruiter, Full Time, Analyst, Data Science, SaaS, Technical, Scheme, Content Writing, Adult",2026-06-01T23:48:09+00:00,2026-06-03T17:49:54.041043
